time,tip_x,tip_y,tip_z
0.002,0.0,0.0,0.65
0.004,-0.005173046272598661,0.0,0.6499072367012212
0.006,-0.013882891853073787,0.0,0.6493629962973043
0.008,-0.02503049412165934,0.0,0.6480356061867844
0.01,-0.037894064209501144,0.0,0.6457128263579671
0.012,-0.051961756464282374,0.0,0.6422943743327312
0.014,-0.06687094453478892,0.0,0.6377569898010989
0.016,-0.08236983432123127,0.0,0.632139633341172
0.018000000000000002,-0.0982916640009144,0.0,0.6254839871865687
0.020000000000000004,-0.11451242134901155,0.0,0.6178328656375804
0.022000000000000006,-0.13090693699442493,0.0,0.6091844078840929
0.024000000000000007,-0.14735917434647897,0.0,0.599585543298201
0.02600000000000001,-0.16381139967451624,0.0,0.5891287633781794
0.02800000000000001,-0.18020414909056126,0.0,0.5778360406339529
0.030000000000000013,-0.19641491444498058,0.0,0.5656776668364593
0.032000000000000015,-0.2124205788465513,0.0,0.5527545175766644
0.034000000000000016,-0.22816086473210742,0.0,0.5390851238475427
0.03600000000000002,-0.24357212986951113,0.0,0.5246924527977431
0.03800000000000002,-0.25858950704169004,0.0,0.5096041973495907
0.04000000000000002,-0.27314855319819414,0.0,0.4938528543448556
0.04200000000000002,-0.2871864134413674,0.0,0.477475614922467
0.044000000000000025,-0.3006429907686532,0.0,0.46051428156096647
0.04600000000000003,-0.313462283770175,0.0,0.4430150582670969
0.04800000000000003,-0.3255899389540747,0.0,0.4250277652194875
0.05000000000000003,-0.3369797929550538,0.0,0.4066066963914432
0.05200000000000003,-0.34759124557700183,0.0,0.38780880711491994
0.054000000000000034,-0.3573896523560819,0.0,0.3686932380966614
0.056000000000000036,-0.3663465346376438,0.0,0.34932077410995627
0.05800000000000004,-0.37443967889528884,0.0,0.3297532906515429
0.06000000000000004,-0.3816469078924294,0.0,0.31005532973492417
0.06200000000000004,-0.387958040946858,0.0,0.29029136195606575
0.06400000000000004,-0.39336766437469795,0.0,0.27052627007015134
0.06600000000000004,-0.39787829034901023,0.0,0.250823722402272
0.06800000000000005,-0.40149846761535024,0.0,0.23124601887924107
0.07000000000000005,-0.4042425194383495,0.0,0.2118536547009271
0.07200000000000005,-0.4061302558948603,0.0,0.19270490906584245
0.07400000000000005,-0.4071866572465378,0.0,0.17385545970496707
0.07600000000000005,-0.4074415281469626,0.0,0.1553580246821622
0.07800000000000006,-0.406929123363031,0.0,0.13726203355712988
0.08000000000000006,-0.40560591538334423,0.0,0.11971891779071203
0.08200000000000006,-0.4036204769472901,0.0,0.10266410622297034
0.08400000000000006,-0.40101507518225593,0.0,0.08613280667531578
0.08600000000000006,-0.3978346821134997,0.0,0.07015656454835581
0.08800000000000006,-0.3941265371494118,0.0,0.05476307916227885
0.09000000000000007,-0.38993969243409127,0.0,0.039976080683899906
0.09200000000000007,-0.38532454541119215,0.0,0.02581528067474073
0.09400000000000007,-0.3803323592349599,0.0,0.012296436054962112
0.09600000000000007,-0.37597825245593813,0.0,0.001705616086198014
0.09800000000000007,-0.3722749566316195,0.0,-0.006498047549880509
0.10000000000000007,-0.3691842550765802,0.0,-0.0127539175528745
0.10200000000000008,-0.36664266021321124,0.0,-0.017419687670368084
0.10400000000000008,-0.36457715687652303,0.0,-0.02078775264543109
0.10600000000000008,-0.362914442394461,0.0,-0.023098203288479724
0.10800000000000008,-0.36158602044734345,0.0,-0.024549015579478112
0.11000000000000008,-0.3605306944127914,0.0,-0.025304015883128778
0.11200000000000009,-0.3596954684480239,0.0,-0.0254991280235434
0.11400000000000009,-0.3590355096988774,0.0,-0.02524730895749816
0.11600000000000009,-0.358513590968652,0.0,-0.024642486538551528
0.11800000000000009,-0.3580992789385574,0.0,-0.023762735210547142
0.12000000000000009,-0.35776803161897597,0.0,-0.022672864812911475
0.1220000000000001,-0.3575003023676689,0.0,-0.021426552058443044
0.1240000000000001,-0.357280704806246,0.0,-0.02006811072079645
0.12600000000000008,-0.35709726550613874,0.0,-0.018633972274480215
0.12800000000000009,-0.35694077419109105,0.0,-0.0171539312422761
0.1300000000000001,-0.35680380291626124,0.0,-0.01565189962197025
0.1320000000000001,-0.35668056740019416,0.0,-0.014147046185417567
0.1340000000000001,-0.35656683678961215,0.0,-0.012654757769158753
0.1360000000000001,-0.35645768416435675,0.0,-0.01118430913114929
0.1380000000000001,-0.356348214069889,0.0,-0.009741229172920751
0.1400000000000001,-0.3562349108499051,0.0,-0.008330258856416972
0.1420000000000001,-0.3561153761013477,0.0,-0.006955425292609285
0.1440000000000001,-0.35598810904638567,0.0,-0.005620108856649625
0.1460000000000001,-0.3558523232603481,0.0,-0.004327104326057429
0.1480000000000001,-0.3557006886002261,0.0,-0.003068245570983119
0.1500000000000001,-0.3555340458878965,0.0,-0.0018472057963888344
0.1520000000000001,-0.3553536155146817,0.0,-0.0006670781182045171
0.1540000000000001,-0.3551608937818108,0.0,0.000469578165876422
0.1560000000000001,-0.35496486718565273,0.0,0.0015499650396061382
0.1580000000000001,-0.3547616001038157,0.0,0.0025818688150331393
0.16000000000000011,-0.3545530248263727,0.0,0.003564063911212778
0.16200000000000012,-0.3543410675840523,0.0,0.0044957324826223055
0.16400000000000012,-0.35412761316524016,0.0,0.0053764247012272615
0.16600000000000012,-0.35391447713223523,0.0,0.006206022181752147
0.16800000000000012,-0.3537033844283659,0.0,0.006984704244724554
0.17000000000000012,-0.35349595334413014,0.0,0.007712916751457577
0.17200000000000013,-0.35329368396180644,0.0,0.008391343278230406
0.17400000000000013,-0.3530979503277587,0.0,0.009020878424709028
0.17600000000000013,-0.35290999571302506,0.0,0.009602603075159893
0.17800000000000013,-0.3527309304183564,0.0,0.01013776145114606
0.18000000000000013,-0.35256173166185195,0.0,0.010627739811841397
0.18200000000000013,-0.3524032451576376,0.0,0.011074046673388016
0.18400000000000014,-0.35225618805424336,0.0,0.011478294432268388
0.18600000000000014,-0.3521211529528859,0.0,0.011842182289746844
0.18800000000000014,-0.35199861276992944,0.0,0.012167480385291085
0.19000000000000014,-0.3518889262454299,0.0,0.01245601505665947
0.19200000000000014,-0.3517920385849156,0.0,0.012710127884641959
0.19400000000000014,-0.35170645424689106,0.0,0.012934223010441975
0.19600000000000015,-0.35163083923168503,0.0,0.013132114223071673
0.19800000000000015,-0.35156400707056157,0.0,0.013307106553039905
0.20000000000000015,-0.35150490510933463,0.0,0.01346206631939842
0.20200000000000015,-0.35145260138782947,0.0,0.01359948130455671
0.20400000000000015,-0.3514062723003159,0.0,0.013721512480730225
0.20600000000000016,-0.3513651911387828,0.0,0.013830038500415642
0.20800000000000016,-0.3513287175621314,0.0,0.013926693984496363
0.21000000000000016,-0.351296287993626,0.0,0.014012902490166013
0.21200000000000016,-0.3512674065207329,0.0,0.014089904311927665
0.21400000000000016,-0.35124157661450006,0.0,0.0141587848700796
0.21600000000000016,-0.3512183446446683,0.0,0.014220458191414542
0.21800000000000017,-0.35119730771264257,0.0,0.01427569987764235
0.22000000000000017,-0.3511781120714152,0.0,0.014325176113549859
0.22200000000000017,-0.35116045012247127,0.0,0.014369465674919785
0.22400000000000017,-0.3511440566673871,0.0,0.014409076697159628
0.22600000000000017,-0.35112870484553377,0.0,0.01444445950625553
0.22800000000000017,-0.3511142020299083,0.0,0.014476016480129889
0.23000000000000018,-0.3511003858491067,0.0,0.014504109664587733
0.23200000000000018,-0.35108712051156754,0.0,0.014529066809330665
0.23400000000000018,-0.35107429691432734,0.0,0.014551191654708279
0.23600000000000018,-0.3510618294106126,0.0,0.014570767352108938
0.23800000000000018,-0.351049650736041,0.0,0.01458805573284952
0.24000000000000019,-0.3510377080122179,0.0,0.01460329729081028
0.2420000000000002,-0.35102595960762334,0.0,0.014616711674996341
0.2440000000000002,-0.35101437267773156,0.0,0.014628498533536705
0.2460000000000002,-0.35100292124127597,0.0,0.014638838587310993
0.2480000000000002,-0.35099158467832947,0.0,0.014647894840815134
0.25000000000000017,-0.350980346559311,0.0,0.014655813861241485
0.25200000000000017,-0.3509691937329696,0.0,0.014662727075151871
0.25400000000000017,-0.3509581156166045,0.0,0.014668752046472139
0.25600000000000017,-0.3509471036439231,0.0,0.014673993710620475
0.2580000000000002,-0.3509361508355792,0.0,0.014678545548058003
0.2600000000000002,-0.35092525146506415,0.0,0.01468249068694974
0.2620000000000002,-0.35091440079862934,0.0,0.014685902929394423
0.2640000000000002,-0.3509035948926429,0.0,0.014688847699178359
0.2660000000000002,-0.3508928304354769,0.0,0.014691382911516726
0.2680000000000002,-0.3508821046239106,0.0,0.014693559766997072
0.2700000000000002,-0.35087141506628716,0.0,0.014695423473116337
0.2720000000000002,-0.3508607597064103,0.0,0.01469701389753958
0.2740000000000002,-0.3508501367635312,0.0,0.014698366157631593
0.2760000000000002,-0.35083954468482603,0.0,0.014699511150988886
0.2780000000000002,-0.35082898210758456,0.0,0.014700476031714427
0.2800000000000002,-0.3508184478289621,0.0,0.014701284637069878
0.2820000000000002,-0.3508079407816329,0.0,0.014701957868949844
0.2840000000000002,-0.350797460014061,0.0,0.014702514034385217
0.2860000000000002,-0.35078700467439855,0.0,0.014702969149014256
0.2880000000000002,-0.35077657399723977,0.0,0.014703337207171291
0.2900000000000002,-0.350766167292637,0.0,0.014703630421962488
0.2920000000000002,-0.3507557839369164,0.0,0.014703859438410682
0.2940000000000002,-0.3507454233649344,0.0,0.014704033522482951
0.2960000000000002,-0.3507350850634918,0.0,0.01470416072855324
0.2980000000000002,-0.35072476856569135,0.0,0.014704248047616691
0.3000000000000002,-0.35071447344606216,0.0,0.014704301538338044
0.3020000000000002,-0.3507041993163182,0.0,0.014704326442817633
0.3040000000000002,-0.3513505059550346,0.0,0.015475181323248655
0.3060000000000002,-0.3529768482920351,0.0,0.016961179249272873
0.3080000000000002,-0.3553787214758277,0.0,0.01911342015067402
0.3100000000000002,-0.3583783252302791,0.0,0.021891988999418688
0.3120000000000002,-0.3618219296937202,0.0,0.025261854621190932
0.3140000000000002,-0.36557736596635276,0.0,0.02919031089160165
0.3160000000000002,-0.3695316792163833,0.0,0.03364548658294009
0.3180000000000002,-0.37358895692935973,0.0,0.038595572517673676
0.32000000000000023,-0.3776683327100028,0.0,0.04400851062365588
0.32200000000000023,-0.38170216103552734,0.0,0.049851963544818995
0.32400000000000023,-0.38563435679549035,0.0,0.05609343959759458
0.32600000000000023,-0.38941889320466305,0.0,0.06270048960092436
0.32800000000000024,-0.3930184516588946,0.0,0.06964092250835668
0.33000000000000024,-0.3964032168739037,0.0,0.07688300840789675
0.33200000000000024,-0.39954981011250734,0.0,0.08439565243095035
0.33400000000000024,-0.4024403525478164,0.0,0.09214853310549864
0.33600000000000024,-0.40506164997058824,0.0,0.10011220502146884
0.33800000000000024,-0.40740448927013595,0.0,0.1082581693741666
0.34000000000000025,-0.40946303651159366,0.0,0.11655891780290348
0.34200000000000025,-0.4112343260687117,0.0,0.124987955545035
0.34400000000000025,-0.4127178301815174,0.0,0.13351980972830602
0.34600000000000025,-0.4139150984894914,0.0,0.14213002795522947
0.34800000000000025,-0.4148294575163219,0.0,0.15079517142729293
0.35000000000000026,-0.4154607858168883,0.0,0.15949783203085094
0.35200000000000026,-0.4158161838108031,0.0,0.16821713382974457
0.35400000000000026,-0.4159036120692162,0.0,0.1769330487017738
0.35600000000000026,-0.41573180076894445,0.0,0.18562639639195028
0.35800000000000026,-0.4153101739767431,0.0,0.1942788498318089
0.36000000000000026,-0.41464878412198675,0.0,0.20287294470682124
0.36200000000000027,-0.4137582529764844,0.0,0.21139209205266635
0.36400000000000027,-0.4126497163184943,0.0,0.2198205925757023
0.36600000000000027,-0.41133477020815845,0.0,0.2281436513990508
0.36800000000000027,-0.40982541744290235,0.0,0.2363473920108024
0.3700000000000003,-0.4081340132973531,0.0,0.2444188683151245
0.3720000000000003,-0.40627321008951933,0.0,0.2523460738434406
0.3740000000000003,-0.4042559004619253,0.0,0.2601179473570533
0.3760000000000003,-0.40209515953300234,0.0,0.26772437425293577
0.3780000000000003,-0.3998041862710142,0.0,0.27515618336156966
0.3800000000000003,-0.3973962445813408,0.0,0.28240513889230223
0.3820000000000003,-0.3948846046897475,0.0,0.2894639274319507
0.3840000000000003,-0.39228248546188665,0.0,0.2963261400314851
0.3860000000000003,-0.38960299833730583,0.0,0.30298624951901926
0.3880000000000003,-0.3868590935938495,0.0,0.30943958324939
0.3900000000000003,-0.3840635097252003,0.0,0.31568229153221916
0.3920000000000003,-0.38123020128232754,0.0,0.32171083876526285
0.3940000000000003,-0.3783710820738857,0.0,0.32752267299720705
0.3960000000000003,-0.3754977627841103,0.0,0.333116042196435
0.3980000000000003,-0.3726214969237669,0.0,0.33848993752871975
0.4000000000000003,-0.36975313399727006,0.0,0.3436440372001496
0.4020000000000003,-0.36690307943336475,0.0,0.3485786511534351
0.4040000000000003,-0.36408632070113534,0.0,0.35329354850460337
0.4060000000000003,-0.36131134184343716,0.0,0.35778925417442975
0.4080000000000003,-0.35858629703487765,0.0,0.36206710103322043
0.4100000000000003,-0.3559189410983671,0.0,0.36612910648674235
0.4120000000000003,-0.3533165771229917,0.0,0.3699778642920891
0.4140000000000003,-0.35078601818441346,0.0,0.3736164498432216
0.4160000000000003,-0.3483335606738618,0.0,0.37704833735903415
0.4180000000000003,-0.3459649671673342,0.0,0.38027732758432686
0.4200000000000003,-0.34368545712318266,0.0,0.3833074847761674
0.4220000000000003,-0.34149970399349117,0.0,0.3861430818947782
0.4240000000000003,-0.3394118375813999,0.0,0.38878855304949644
0.4260000000000003,-0.33742545068073015,0.0,0.39124845236688965
0.4280000000000003,-0.33554360920287907,0.0,0.393527418550473
0.4300000000000003,-0.3337688651350099,0.0,0.3956301444905262
0.43200000000000033,-0.3321032717881064,0.0,0.3975613513593145
0.43400000000000033,-0.33054840088765686,0.0,0.39932576669275904
0.43600000000000033,-0.32910536113691147,0.0,0.4009281060155342
0.43800000000000033,-0.3277748179454226,0.0,0.40237305761399855
0.44000000000000034,-0.3265570140659611,0.0,0.4036652701016282
0.44200000000000034,-0.32545179092259324,0.0,0.404809342456031
0.44400000000000034,-0.3244586104431959,0.0,0.40580981623642115
0.44600000000000034,-0.32357657723252936,0.0,0.40667116971679024
0.44800000000000034,-0.32280446093883053,0.0,0.40739781369384975
0.45000000000000034,-0.32214071867953187,0.0,0.40799408875086507
0.45200000000000035,-0.32158351740192176,0.0,0.40846426377917605
0.45400000000000035,-0.321130756064002,0.0,0.40881253557863506
0.45600000000000035,-0.3207800875306903,0.0,0.40904302937631964
0.45800000000000035,-0.32052894009165994,0.0,0.4091598001194381
0.46000000000000035,-0.32037453851969805,0.0,0.40916683441305435
0.46200000000000035,-0.3203139246022176,0.0,0.4090680529859117
0.46400000000000036,-0.32034397709282947,0.0,0.4088673135781075
0.46600000000000036,-0.32046143104378855,0.0,0.40856841415278333
0.46800000000000036,-0.32066289649281776,0.0,0.40817509634060234
0.47000000000000036,-0.32094487648851816,0.0,0.4076910490310343
0.47200000000000036,-0.32130378444681124,0.0,0.40711991202885806
0.47400000000000037,-0.3217359608364086,0.0,0.4064652796983802
0.47600000000000037,-0.3222376891942825,0.0,0.4057307045221488
0.47800000000000037,-0.3228052114728489,0.0,0.40491970050580595
0.48000000000000037,-0.3234347427196247,0.0,0.4040357463664252
0.4820000000000004,-0.32412248508808983,0.0,0.40308228844831795
0.4840000000000004,-0.3248646411760169,0.0,0.40206274331781167
0.4860000000000004,-0.32565742668517034,0.0,0.4009804999967428
0.4880000000000004,-0.3264970823944601,0.0,0.3998389218030782
0.4900000000000004,-0.32737988543764107,0.0,0.39864134777592464
0.4920000000000004,-0.32830215987660694,0.0,0.3973910936708573
0.4940000000000004,-0.32926028656222844,0.0,0.39609145251975597
0.4960000000000004,-0.33025071227642105,0.0,0.39474569475695276
0.4980000000000004,-0.3312699581515335,0.0,0.3933570679203091
0.5000000000000003,-0.3323146273660226,0.0,0.39192879594178887
0.5020000000000003,-0.3333814121185344,0.0,0.39046407804713057
0.5040000000000003,-0.33446709988577744,0.0,0.3889660872883856
0.5060000000000003,-0.33556857897281434,0.0,0.3874379687364294
0.5080000000000003,-0.33668284336751736,0.0,0.3858828373631398
0.5100000000000003,-0.3378069969138721,0.0,0.3843037756448625
0.5120000000000003,-0.33893825682152234,0.0,0.38270383092012267
0.5140000000000003,-0.3400739565314286,0.0,0.38108601253537466
0.5160000000000003,-0.34121154795974445,0.0,0.37945328881296747
0.5180000000000003,-0.3423486031440155,0.0,0.37780858387551786
0.5200000000000004,-0.3434828153175712,0.0,0.3761547743605439
0.5220000000000004,-0.3446119994395294,0.0,0.3744946860585991
0.5240000000000004,-0.3457340922091701,0.0,0.37283109050725605
0.5260000000000004,-0.34684715159455726,0.0,0.37116670157218556
0.5280000000000004,-0.34794935590622145,0.0,0.36950417204525854
0.5300000000000004,-0.3490390024474353,0.0,0.367846090288117
0.5320000000000004,-0.35011450577314884,0.0,0.36619497694801706
0.5340000000000004,-0.35117439558998903,0.0,0.364553281770986
0.5360000000000004,-0.3522173143298715,0.0,0.3629233805354603
0.5380000000000004,-0.3532420144297359,0.0,0.3613075721276246
0.5400000000000004,-0.3542473553496899,0.0,0.3597080757776562
0.5420000000000004,-0.35523230036144965,0.0,0.35812702847403266
0.5440000000000004,-0.35619591313839344,0.0,0.3565664825709921
0.5460000000000004,-0.3571373541778157,0.0,0.3550284036021716
0.5480000000000004,-0.3580558770850839,0.0,0.35351466831140255
0.5500000000000004,-0.35895082474838114,0.0,0.35202706290964214
0.5520000000000004,-0.35982162543156065,0.0,0.3505672815650574
0.5540000000000004,-0.3606677888113749,0.0,0.34913692513140343
0.5560000000000004,-0.3614889019839661,0.0,0.3477375001180212
0.5580000000000004,-0.3622846254640516,0.0,0.34637041790307055
0.5600000000000004,-0.3630546891987011,0.0,0.34503699418999306
0.5620000000000004,-0.363798888616012,0.0,0.3437384487056848
0.5640000000000004,-0.36451708072735334,0.0,0.34247590513746173
0.5660000000000004,-0.36520918030018285,0.0,0.34125039130460444
0.5680000000000004,-0.36587515611676014,0.0,0.34006283955910377
0.5700000000000004,-0.36651502733239233,0.0,0.3389140874091674
0.5720000000000004,-0.36712885994518263,0.0,0.3378048783581115
0.5740000000000004,-0.36770688710619615,0.0,0.33673866519250795
0.5760000000000004,-0.36825499094556435,0.0,0.3357165597723036
0.5780000000000004,-0.36877373676273206,0.0,0.334739607569959
0.5800000000000004,-0.369263674902617,0.0,0.3338086188000813
0.5820000000000004,-0.369725345848527,0.0,0.3329241953002927
0.5840000000000004,-0.3701592841631064,0.0,0.33208675320570075
0.5860000000000004,-0.37056602149358286,0.0,0.33129654217840737
0.5880000000000004,-0.3709460888210068,0.0,0.3305536618176408
0.5900000000000004,-0.37130001810258567,0.0,0.3298580757638539
0.5920000000000004,-0.3716283434305667,0.0,0.3292096239175002
0.5940000000000004,-0.37193160180958573,0.0,0.3286080331167999
0.5960000000000004,-0.3722103336362831,0.0,0.3280529265558728
0.5980000000000004,-0.37246508294975816,0.0,0.3275438321727768
0.6000000000000004,-0.3726963975086244,0.0,0.3270801901943512
0.6020000000000004,-0.372904828739658,0.0,0.32666135998970147
0.6040000000000004,-0.3731401486712431,0.0,0.3277509691994542
0.6060000000000004,-0.373306550115505,0.0,0.3301159087868365
0.6080000000000004,-0.3733185107057785,0.0,0.33356284671338376
0.6100000000000004,-0.37310252244312625,0.0,0.33792972661556486
0.6120000000000004,-0.3725973304941771,0.0,0.343079460068536
0.6140000000000004,-0.3717533160309991,0.0,0.3488951489684634
0.6160000000000004,-0.37053142506741343,0.0,0.3552763874745122
0.6180000000000004,-0.36890189987485766,0.0,0.3621363371243037
0.6200000000000004,-0.3668481086557933,0.0,0.369398547883623
0.6220000000000004,-0.36435421369705145,0.0,0.37699567960072555
0.6240000000000004,-0.36141019535174135,0.0,0.38486838605118284
0.6260000000000004,-0.3580108388698862,0.0,0.3929639380418456
0.6280000000000004,-0.35415487823637387,0.0,0.4012350721417659
0.6300000000000004,-0.34984429291779645,0.0,0.4096390321950607
0.6320000000000005,-0.3450837449594108,0.0,0.4181367786924287
0.6340000000000005,-0.33988013912521264,0.0,0.4266923456680678
0.6360000000000005,-0.3342422866669068,0.0,0.4352723273793755
0.6380000000000005,-0.32818065298173626,0.0,0.44384547851480866
0.6400000000000005,-0.32170717011474065,0.0,0.45238241262210177
0.6420000000000005,-0.31483509592768094,0.0,0.46085538414052885
0.6440000000000005,-0.3075789013928304,0.0,0.46923813984190305
0.6460000000000005,-0.29995416282829884,0.0,0.47750582510161316
0.6480000000000005,-0.29198025635180547,0.0,0.48563571499467506
0.6500000000000005,-0.2836747409567089,0.0,0.4936048047055409
0.6520000000000005,-0.2750562918488568,0.0,0.5013917985869516
0.6540000000000005,-0.26614458907896643,0.0,0.5089770461357327
0.6560000000000005,-0.2569603236942695,0.0,0.5163425585089131
0.6580000000000005,-0.24752486690336892,0.0,0.5234718664309893
0.6600000000000005,-0.23786012110317867,0.0,0.5303500559426799
0.6620000000000005,-0.22798852183020227,0.0,0.5369638935256014
0.6640000000000005,-0.21793296245931057,0.0,0.5433018600172952
0.6660000000000005,-0.20771669679343185,0.0,0.54935415577377
0.6680000000000005,-0.19741952129740697,0.0,0.5551494056277693
0.6700000000000005,-0.18701830456435153,0.0,0.5606209001808402
0.6720000000000005,-0.17653626334536907,0.0,0.5657721817157808
0.6740000000000005,-0.16599564576928458,0.0,0.5706054125312996
0.6760000000000005,-0.1554184431795957,0.0,0.5751230333761904
0.6780000000000005,-0.14482632561510905,0.0,0.579328041250841
0.6800000000000005,-0.13424055567298304,0.0,0.5832241628757903
0.6820000000000005,-0.12368190881343866,0.0,0.5868159718728729
0.6840000000000005,-0.11317062454609748,0.0,0.5901089791669838
0.6860000000000005,-0.10272642278618362,0.0,0.5931097276785446
0.6880000000000005,-0.09236825670419699,0.0,0.5958254951999868
0.6900000000000005,-0.08211422144193965,0.0,0.598264331297455
0.6920000000000005,-0.0719814959966078,0.0,0.6004350731948711
0.6940000000000005,-0.06198626392832762,0.0,0.6023472655882116
0.6960000000000005,-0.05214530055507059,0.0,0.6040133919363045
0.6980000000000005,-0.042473597308758895,0.0,0.6054435955720244
0.7000000000000005,-0.032984989542608145,0.0,0.6066488461820971
0.7020000000000005,-0.023692178054081442,0.0,0.6076407422584269
0.7040000000000005,-0.01460675293312605,0.0,0.6084313540862217
0.7060000000000005,-0.005739220033477363,0.0,0.6090330907403816
0.7080000000000005,0.0029009697708716337,0.0,0.6094585836751083
0.7100000000000005,0.01130538856539745,0.0,0.6097205831708515
0.7120000000000005,0.019466596770883776,0.0,0.6098318655086775
0.7140000000000005,0.027378106167604943,0.0,0.6098051495209268
0.7160000000000005,0.03503434087913054,0.0,0.6096530215854064
0.7180000000000005,0.042417304544755355,0.0,0.6094188200149033
0.7200000000000005,0.04952215706029231,0.0,0.6090782934550363
0.7220000000000005,0.05634785628656258,0.0,0.6086456085796672
0.7240000000000005,0.06289352747042629,0.0,0.608133944743994
0.7260000000000005,0.06915856338174452,0.0,0.6075556236030373
0.7280000000000005,0.07514269173313126,0.0,0.6069221972327268
0.7300000000000005,0.08084601725159996,0.0,0.6062445071493284
0.7320000000000005,0.08626866733957105,0.0,0.6055339099875853
0.7340000000000005,0.09141105232658758,0.0,0.6047996433138638
0.7360000000000005,0.09627413078787225,0.0,0.6040504109305928
0.7380000000000005,0.10085936524928965,0.0,0.6032943657980588
0.7400000000000005,0.10516868001425354,0.0,0.6025390976991624
0.7420000000000005,0.10920442132147584,0.0,0.6017916254495226
0.7440000000000005,0.11296931993124626,0.0,0.6010583933495821
0.7460000000000006,0.11646645617107762,0.0,0.6003452715355229
0.7480000000000006,0.11969922742941472,0.0,0.5996575598784526
0.7500000000000006,0.12267131805789352,0.0,0.5989999950896285
0.7520000000000006,0.1253866716224057,0.0,0.5983767607048657
0.7540000000000006,0.127849465427683,0.0,0.5977914996394271
0.7560000000000006,0.13006408722752125,0.0,0.5972473290234002
0.7580000000000006,0.1320351140221945,0.0,0.5967468570458657
0.7600000000000006,0.1337672928356477,0.0,0.596292201553563
0.7620000000000006,0.13526552335749822,0.0,0.5958850101661467
0.7640000000000006,0.136534842328691,0.0,0.595526481685474
0.7660000000000006,0.13758040954481793,0.0,0.5952173885907263
0.7680000000000006,0.13840749534765018,0.0,0.5949581004246166
0.7700000000000006,0.1390214694733447,0.0,0.5947486078885403
0.7720000000000006,0.1394277911250546,0.0,0.5945885474763646
0.7740000000000006,0.13963200013826713,0.0,0.5944772264876752
0.7760000000000006,0.13963970910905094,0.0,0.5944136482717752
0.7780000000000006,0.13945659635844693,0.0,0.5943965375636108
0.7800000000000006,0.1390883996103865,0.0,0.5944243657821267
0.7820000000000006,0.1385409102656761,0.0,0.5944953761703907
0.7840000000000006,0.1378199681606191,0.0,0.5946076086652132
0.7860000000000006,0.136931456705659,0.0,0.5947589243919668
0.7880000000000006,0.13588129830688137,0.0,0.5949470296879459
0.7900000000000006,0.13467544998119377,0.0,0.5951694995649228
0.7920000000000006,0.13331989908439557,0.0,0.5954238005286053
0.7940000000000006,0.13182065908002183,0.0,0.5957073126795303
0.7960000000000006,0.13018376528569728,0.0,0.5960173510265626
0.7980000000000006,0.12841527054264795,0.0,0.5963511859506421
0.8000000000000006,0.1265212407628949,0.0,0.5967060627627815
0.8020000000000006,0.12450775031739099,0.0,0.5970792203065559
0.8040000000000006,0.12238087723688204,0.0,0.5974679085614927
0.8060000000000006,0.12014669820548479,0.0,0.5978694052098581
0.8080000000000006,0.11781128333481526,0.0,0.5982810311353587
0.8100000000000006,0.11538069071390589,0.0,0.5987001648282433
0.8120000000000006,0.11286096073706028,0.0,0.5991242556771819
0.8140000000000006,0.11025811021818005,0.0,0.5995508361341249
0.8160000000000006,0.10757812630590596,0.0,0.59997753274408
0.8180000000000006,0.10482696021914215,0.0,0.6004020760373796
0.8200000000000006,0.10201052082714002,0.0,0.6008223092875156
0.8220000000000006,0.0991346681023228,0.0,0.6012361961429922
0.8240000000000006,0.09620520647741773,0.0,0.6016418271468233
0.8260000000000006,0.09322787814125816,0.0,0.6020374251623019
0.8280000000000006,0.09020835630983687,0.0,0.6024213497284125
0.8300000000000006,0.08715223851086845,0.0,0.6027921003727692
0.8320000000000006,0.08406503992129981,0.0,0.6031483189141413
0.8340000000000006,0.08095218679794702,0.0,0.603488790790514
0.8360000000000006,0.0778190100417981,0.0,0.6038124454521251
0.8380000000000006,0.07467073893659902,0.0,0.6041183558620222
0.8400000000000006,0.07151249510222907,0.0,0.6044057371493303
0.8420000000000006,0.06834928670321078,0.0,0.6046739444625671
0.8440000000000006,0.06518645116043208,0.0,0.6049213065699558
0.8460000000000006,0.06202920000208097,0.0,0.6051478160055439
0.8480000000000006,0.058882460591978394,0.0,0.6053535103236534
0.8500000000000006,0.05575091206586277,0.0,0.6055384881652178
0.8520000000000006,0.05263901082670909,0.0,0.6057029195050796
0.8540000000000006,0.04955100848364771,0.0,0.6058470514972684
0.8560000000000006,0.04649096435412482,0.0,0.6059712109860085
0.8580000000000007,0.04346275408628025,0.0,0.6060758044910556
0.8600000000000007,0.04047007554458573,0.0,0.6061613162831803
0.8620000000000007,0.03751645279715006,0.0,0.6062283050218469
0.8640000000000007,0.034605238818758516,0.0,0.606277399319579
0.8660000000000007,0.03173961735836475,0.0,0.6063092925167777
0.8680000000000007,0.028922604297752577,0.0,0.6063247368899038
0.8700000000000007,0.0261570487379586,0.0,0.6063245374698314
0.8720000000000007,0.023453029941454442,0.0,0.606294760000733
0.8740000000000007,0.020812892871677535,0.0,0.6062521751182203
0.8760000000000007,0.018238630684911758,0.0,0.6061978841387321
0.8780000000000007,0.01573203044971694,0.0,0.6061329585589523
0.8800000000000007,0.013294691782207504,0.0,0.606058445701019
0.8820000000000007,0.010928041088582308,0.0,0.605975371677898
0.8840000000000007,0.008633342633243307,0.0,0.6058847424338233
0.8860000000000007,0.006411707324020285,0.0,0.6057875434277594
0.8880000000000007,0.004264099865746246,0.0,0.6056847383872768
0.8900000000000007,0.0021913447568004396,0.0,0.60557726745434
0.8920000000000007,0.00019413147341733328,0.0,0.6054660449646018
0.8940000000000007,-0.0017269809088212018,0.0,0.6053519570413267
0.8960000000000007,-0.0035715594769284015,0.0,0.6052358591392302
0.8980000000000007,-0.005339293497885714,0.0,0.6051185736386349
0.9000000000000007,-0.007029990601072483,0.0,0.6050008875637427
0.9020000000000007,-0.008643573062882257,0.0,0.6048835504784273
0.9040000000000007,-0.008880306900262397,0.0,0.6053579030003445
0.9060000000000007,-0.007946240867790985,0.0,0.6062453152711524
0.9080000000000007,-0.005995731145643307,0.0,0.6074044851712243
0.9100000000000007,-0.003147082122359729,0.0,0.6087247955694415
0.9120000000000007,0.0005071724185505971,0.0,0.6101200862960428
0.9140000000000007,0.00489324894300823,0.0,0.6115232395389245
0.9160000000000007,0.009951150241876053,0.0,0.6128816697083876
0.9180000000000007,0.015631049137159042,0.0,0.6141536795542787
0.9200000000000007,0.02189059187209723,0.0,0.6153055910932341
0.9220000000000007,0.028692854973283374,0.0,0.6163095414975193
0.9240000000000007,0.03600478379706672,0.0,0.6171418327319571
0.9260000000000007,0.0437959970115875,0.0,0.6177817309789784
0.9280000000000007,0.05203787534664617,0.0,0.6182106233110221
0.9300000000000007,0.06070287443879003,0.0,0.6184114520745866
0.9320000000000007,0.06976401582932085,0.0,0.6183683604859294
0.9340000000000007,0.07919352188094689,0.0,0.6180702560338452
0.9360000000000007,0.0889625752645512,0.0,0.6175023641781069
0.9380000000000007,0.09904257585019285,0.0,0.616651279541884
0.9400000000000007,0.10940494511164159,0.0,0.6155049002050229
0.9420000000000007,0.12002101278903425,0.0,0.6140524242372798
0.9440000000000007,0.13086184563392725,0.0,0.6122853751897614
0.9460000000000007,0.1418978981912301,0.0,0.6101954874098416
0.9480000000000007,0.1530996957062625,0.0,0.6077760666081629
0.9500000000000007,0.1644378678517102,0.0,0.6050220258942496
0.9520000000000007,0.17588321134260443,0.0,0.6019299224392005
0.9540000000000007,0.18740677400443154,0.0,0.5984979888623325
0.9560000000000007,0.19897995403053975,0.0,0.5947261551476444
0.9580000000000007,0.2105746091805771,0.0,0.5906160583013299
0.9600000000000007,0.22216317153364962,0.0,0.586171038082067
0.9620000000000007,0.2337187641352131,0.0,0.5813961180116727
0.9640000000000007,0.24521531648691805,0.0,0.5762979715482205
0.9660000000000007,0.2566276763448559,0.0,0.5708848738163124
0.9680000000000007,0.2679317157326137,0.0,0.5651666396728897
0.9700000000000008,0.279104429456759,0.0,0.5591545491685652
0.9720000000000008,0.29012402474618565,0.0,0.5528612616649504
0.9740000000000008,0.3009700009326316,0.0,0.5463007200042347
0.9760000000000008,0.3116232183546526,0.0,0.5394880462110581
0.9780000000000008,0.3220659559064526,0.0,0.5324394302483038
0.9800000000000008,0.3322819568697325,0.0,0.5251720133556101
0.9820000000000008,0.3422551738389358,0.0,0.5177009234161836
0.9840000000000008,0.35197529544064077,0.0,0.5100441664680815
0.9860000000000008,0.3614323419792095,0.0,0.5022203841087776
0.9880000000000008,0.37061704074495183,0.0,0.4942487683096368
0.9900000000000008,0.37952107811341923,0.0,0.48614895603861774
0.9920000000000008,0.38813726212350813,0.0,0.47794091421564455
0.9940000000000008,0.3964596196827145,0.0,0.46964482175140654
0.9960000000000008,0.4044834457169383,0.0,0.46128095305243166
0.9980000000000008,0.4122053167167841,0.0,0.452869565920828
1.0000000000000007,0.4196230776819873,0.0,0.4444307959413685
1.0020000000000007,0.4267358090301997,0.0,0.4359845590831817
1.0040000000000007,0.43354377833495616,0.0,0.4275504643392455
1.0060000000000007,0.44004838061497453,0.0,0.4191477389703352
1.0080000000000007,0.44625207025699615,0.0,0.41079517086647316
1.0100000000000007,0.45215828760762056,0.0,0.40251107700391897
1.0120000000000007,0.4577717986081429,0.0,0.3943137229760846
1.0140000000000007,0.46309663365177445,0.0,0.3862205182732104
1.0160000000000007,0.46813829778721494,0.0,0.37824769598412133
1.0180000000000007,0.47290339291966094,0.0,0.37041040916956486
1.0200000000000007,0.4773993432085847,0.0,0.36272279607759517
1.0220000000000007,0.4816341902575696,0.0,0.3551980210987201
1.0240000000000007,0.4856282679752781,0.0,0.3478574742031526
1.0260000000000007,0.4893754811187163,0.0,0.3407272230470196
1.0280000000000007,0.4928762301246584,0.0,0.33382714896630483
1.0300000000000007,0.4961262796032128,0.0,0.32716578522174616
1.0320000000000007,0.49914537628565553,0.0,0.3207424001062662
1.0340000000000007,0.5019493153450276,0.0,0.31455843271694783
1.0360000000000007,0.5045513546857661,0.0,0.3086163221960211
1.0380000000000007,0.5069635605185794,0.0,0.30291890602392796
1.0400000000000007,0.5091967642310294,0.0,0.29746927964276293
1.0420000000000007,0.5112608931953628,0.0,0.29227050534894056
1.0440000000000007,0.5131651790210349,0.0,0.2873254211253117
1.0460000000000007,0.5149182854156118,0.0,0.2826365199566504
1.0480000000000007,0.5165285643294582,0.0,0.27820597564532096
1.0500000000000007,0.5180035122468598,0.0,0.27403566170963406
1.0520000000000007,0.519350305089886,0.0,0.2701268092018916
1.0540000000000007,0.5205757805307756,0.0,0.26648003383095586
1.0560000000000007,0.521686424255113,0.0,0.2630953632574652
1.0580000000000007,0.522688359982525,0.0,0.2599722643862695
1.0600000000000007,0.52358734304462,0.0,0.2571096704985883
1.0620000000000007,0.5243887573122119,0.0,0.2545060080866513
1.0640000000000007,0.5250976152567164,0.0,0.2521592232747499
1.0660000000000007,0.5257185609246753,0.0,0.2500668077317144
1.0680000000000007,0.5262558755999829,0.0,0.24822582400015947
1.0700000000000007,0.5267134859256588,0.0,0.24663293018696825
1.0720000000000007,0.5270949742559536,0.0,0.24528440397708662
1.0740000000000007,0.5274035910100898,0.0,0.24417616594859626
1.0760000000000007,0.5276422688009159,0.0,0.24330380218110853
1.0780000000000007,0.5278136381150649,0.0,0.24266258616169978
1.0800000000000007,0.5279200443256847,0.0,0.2422475000029063
1.0820000000000007,0.5279635658243633,0.0,0.24205325499570246
1.0840000000000007,0.5279460330653161,0.0,0.24207431152698666
1.0860000000000007,0.5278690483221733,0.0,0.24230489839594915
1.0880000000000007,0.5277340059656551,0.0,0.24273903156691817
1.0900000000000007,0.527542113078965,0.0,0.2433705323979775
1.0920000000000007,0.527294410236785,0.0,0.2441930453849786
1.0940000000000007,0.5269917922832299,0.0,0.245200055459662
1.0960000000000008,0.5266350289539375,0.0,0.24638490487862502
1.0980000000000008,0.5262247851975854,0.0,0.2477408097369757
1.1000000000000008,0.525761641062454,0.0,0.24926087613685877
1.1020000000000008,0.5252461110241653,0.0,0.2509381160367783
1.1040000000000008,0.5246786626413482,0.0,0.25276546280292855
1.1060000000000008,0.5240597344366889,0.0,0.2547357864787189
1.1080000000000008,0.523389752911549,0.0,0.25684190878347263
1.1100000000000008,0.5226691486130619,0.0,0.25907661784603686
1.1120000000000008,0.5218983711832769,0.0,0.26143268267385533
1.1140000000000008,0.5210779033304875,0.0,0.26390286735306134
1.1160000000000008,0.5202082736733156,0.0,0.266479944970423
1.1180000000000008,0.5192900684183493,0.0,0.2691567112436246
1.1200000000000008,0.5183239418421584,0.0,0.27192599784244326
1.1220000000000008,0.5173106255582369,0.0,0.2747806853799748
1.1240000000000008,0.5162509365588409,0.0,0.27771371605019335
1.1260000000000008,0.5151457840307367,0.0,0.2807181058858523
1.1280000000000008,0.5139961749525161,0.0,0.28378695660906
1.1300000000000008,0.5128032184893235,0.0,0.28691346704580634
1.1320000000000008,0.5115681292085383,0.0,0.29009094407526603
1.1340000000000008,0.5102920130977303,0.0,0.2933126848339931
1.1360000000000008,0.5089765155100789,0.0,0.29657193774678625
1.1380000000000008,0.5076233326554125,0.0,0.2998621952818846
1.1400000000000008,0.5062342261876553,0.0,0.30317717574844033
1.1420000000000008,0.5048110298453331,0.0,0.3065108132289599
1.1440000000000008,0.503355652703418,0.0,0.3098572514662435
1.1460000000000008,0.5018700799773557,0.0,0.3132108402988242
1.1480000000000008,0.5003563719936939,0.0,0.31656613378568393
1.1500000000000008,0.4988166617192834,0.0,0.31991788951562417
1.1520000000000008,0.4972531510885164,0.0,0.32326106882062394
1.1540000000000008,0.49566810626316393,0.0,0.3265908377444644
1.1560000000000008,0.49406405861600067,0.0,0.329902716510993
1.1580000000000008,0.49244314371858666,0.0,0.33319254066507487
1.1600000000000008,0.490807618957269,0.0,0.3364562453008882
1.1620000000000008,0.48915965714217347,0.0,0.3396897656805914
1.1640000000000008,0.48749674135452986,0.0,0.342885188200896
1.1660000000000008,0.48582650112094466,0.0,0.34603178603208073
1.1680000000000008,0.4841568822149041,0.0,0.34912113538751444
1.1700000000000008,0.4824940047723443,0.0,0.35214724225620714
1.1720000000000008,0.4808427052046007,0.0,0.35510581014831816
1.1740000000000008,0.4792069084913896,0.0,0.3579937395714499
1.1760000000000008,0.4775847555099473,0.0,0.36080449751871746
1.1780000000000008,0.4759945024300287,0.0,0.3635384354545973
1.1800000000000008,0.4744313078898304,0.0,0.36620105224954713
1.1820000000000008,0.472892574663744,0.0,0.36879547658055944
1.1840000000000008,0.4713772108166937,0.0,0.3713233148887375
1.1860000000000008,0.46988512509185004,0.0,0.3737852112644341
1.1880000000000008,0.46841688238261636,0.0,0.37618121747120986
1.1900000000000008,0.4669734683377055,0.0,0.3785110373623537
1.1920000000000008,0.46555612827598913,0.0,0.3807741879695463
1.1940000000000008,0.46416625668930184,0.0,0.3829701052002882
1.1960000000000008,0.4628053212063873,0.0,0.38509821266040956
1.1980000000000008,0.4614748100674343,0.0,0.38715796590318213
1.2000000000000008,0.46017619567797297,0.0,0.38914888029320993
1.2020000000000008,0.4589109092000616,0.0,0.3910705479443224
1.2040000000000008,0.45671440845324807,0.0,0.3939661644560726
1.2060000000000008,0.45379384520549576,0.0,0.39761967374144247
1.2080000000000009,0.4502831300477951,0.0,0.40187616415738303
1.2100000000000009,0.4462700955116806,0.0,0.40662409442703856
1.2120000000000009,0.44181291697809233,0.0,0.4117814266742665
1.2140000000000009,0.43695039478547837,0.0,0.4172856684497244
1.2160000000000009,0.4317085913386137,0.0,0.42308704076807646
1.2180000000000009,0.42610521879550456,0.0,0.42914392485417807
1.2200000000000009,0.4201516536635329,0.0,0.4354186179752355
1.2220000000000009,0.4138578301673088,0.0,0.4418769851404749
1.2240000000000009,0.4072316436290491,0.0,0.4484871652893422
1.2260000000000009,0.40027993294966085,0.0,0.4552188197191325
1.2280000000000009,0.393009170447161,0.0,0.4620426894711084
1.2300000000000009,0.3854259489075866,0.0,0.46893035449923937
1.2320000000000009,0.3775373256156328,0.0,0.47585412410107675
1.2340000000000009,0.3693510635264803,0.0,0.48278701211026503
1.2360000000000009,0.3608757968504632,0.0,0.48970276604457985
1.2380000000000009,0.3521211397796624,0.0,0.4965759296577673
1.2400000000000009,0.34309775138922816,0.0,0.5033819250548868
1.2420000000000009,0.3338173659335813,0.0,0.5100971449377797
1.2440000000000009,0.3242927952022002,0.0,0.5166990484563392
1.2460000000000009,0.3145379078881687,0.0,0.5231662560775501
1.2480000000000009,0.3045675897790935,0.0,0.5294786401895832
1.2500000000000009,0.2943976878183898,0.0,0.5356174090549332
1.252000000000001,0.2840449405790033,0.0,0.5415651823591611
1.254000000000001,0.2735268973551962,0.0,0.5473060570639322
1.256000000000001,0.2628618278520559,0.0,0.5528256626251347
1.258000000000001,0.2520691339004775,0.0,0.5581159483119366
1.260000000000001,0.241165423513302,0.0,0.5631653887473838
1.262000000000001,0.23016854641780832,0.0,0.5679639141130395
1.264000000000001,0.21909725763177887,0.0,0.5725029913778492
1.266000000000001,0.20797094563972476,0.0,0.5767756687334606
1.268000000000001,0.19680940689074566,0.0,0.5807765923507429
1.270000000000001,0.18563265416208946,0.0,0.5845020015481401
1.272000000000001,0.1744607503589484,0.0,0.5879497065479261
1.274000000000001,0.16331366209951786,0.0,0.5911190517891003
1.276000000000001,0.15221112934398298,0.0,0.5940108670092525
1.278000000000001,0.14117254863014528,0.0,0.5966274078372702
1.280000000000001,0.13021686836074886,0.0,0.5989722873472066
1.282000000000001,0.11936249517795983,0.0,0.6010503998404763
1.284000000000001,0.10862721085234145,0.0,0.6028678380009784
1.286000000000001,0.09802809937772741,0.0,0.6044318044703852
1.288000000000001,0.08758148415963753,0.0,0.6057505187861985
1.290000000000001,0.07730287537796512,0.0,0.6068331204699238
1.292000000000001,0.06720692789259204,0.0,0.6076895687625737
1.294000000000001,0.05730781801314849,0.0,0.6083294695278618
1.296000000000001,0.04761881352320113,0.0,0.6087645477077703
1.298000000000001,0.03815205855146267,0.0,0.6090069882070736
1.300000000000001,0.02891860987583618,0.0,0.609069348212646
1.302000000000001,0.019930267197359575,0.0,0.6089607577416097
1.304000000000001,0.011197248056446688,0.0,0.6086959367956383
1.306000000000001,0.002728136206494855,0.0,0.608289315868658
1.308000000000001,-0.00546989326749113,0.0,0.6077550330466559
1.310000000000001,-0.01339090173000973,0.0,0.6071069197957151
1.312000000000001,-0.0210300524389275,0.0,0.60635847878537
1.314000000000001,-0.02838350277032463,0.0,0.6055228564958344
1.316000000000001,-0.03544831550527934,0.0,0.604612812843994
1.318000000000001,-0.0422223837576806,0.0,0.6036406896276321
1.320000000000001,-0.048704365797792026,0.0,0.6026183792234194
1.322000000000001,-0.054893627257452796,0.0,0.6015572946735018
1.324000000000001,-0.06079018911841684,0.0,0.6004683420465069
1.326000000000001,-0.06639468057296954,0.0,0.599361895743936
1.328000000000001,-0.07170829635282047,0.0,0.5982477772153554
1.330000000000001,-0.07673275845359533,0.0,0.5971352373116467
1.332000000000001,-0.08146855095303036,0.0,0.5960308681450961
1.334000000000001,-0.08591771707647901,0.0,0.5949436847749272
1.336000000000001,-0.09008290545681624,0.0,0.5938818112614828
1.338000000000001,-0.09396726534082715,0.0,0.592852550369447
1.340000000000001,-0.09757436549259363,0.0,0.5918624370547174
1.342000000000001,-0.10090812999022103,0.0,0.5909172802623399
1.344000000000001,-0.10397278612529337,0.0,0.5900221967476066
1.346000000000001,-0.10677282115277792,0.0,0.5891816398698554
1.348000000000001,-0.10931294575756297,0.0,0.5883994255815845
1.350000000000001,-0.11159806287202628,0.0,0.5876787571793559
1.352000000000001,-0.1136332409732766,0.0,0.5870222498313517
1.354000000000001,-0.11542369127940777,0.0,0.5864319554625499
1.356000000000001,-0.11697474841156355,0.0,0.5859093882596611
1.358000000000001,-0.11829185414370777,0.0,0.5854555508437089
1.360000000000001,-0.11938054386679522,0.0,0.5850709610335134
1.362000000000001,-0.12024643538091784,0.0,0.5847556790696141
1.364000000000001,-0.12089521961971383,0.0,0.5845093351640493
1.366000000000001,-0.12133265291745639,0.0,0.5843311572655807
1.368000000000001,-0.12156455045412867,0.0,0.5842199989641577
1.370000000000001,-0.12159678055527261,0.0,0.5841743674893891
1.372000000000001,-0.12143525957640458,0.0,0.584192451777789
1.374000000000001,-0.12108594716034077,0.0,0.5842721505896904
1.376000000000001,-0.12055484171420437,0.0,0.5844111006495827
1.378000000000001,-0.11984797600643415,0.0,0.5846067047658972
1.380000000000001,-0.11897141282913894,0.0,0.5848561598616507
1.382000000000001,-0.11793124070512674,0.0,0.5851564848196444
1.384000000000001,-0.11673356964050996,0.0,0.5855045480187708
1.386000000000001,-0.11538452693270179,0.0,0.5858970944145174
1.388000000000001,-0.11389025304084208,0.0,0.5863307719996147
1.390000000000001,-0.11225689751333306,0.0,0.5868021574719801
1.392000000000001,-0.1104906149483677,0.0,0.5873077809378594
1.394000000000001,-0.10859756094186003,0.0,0.5878441494886668
1.396000000000001,-0.10658388795688786,0.0,0.5884077695095851
1.398000000000001,-0.10445574103299586,0.0,0.5889951676045617
1.400000000000001,-0.10221925324486408,0.0,0.5896029100531439
1.402000000000001,-0.09988054081922054,0.0,0.5902276207466368
1.404000000000001,-0.09744569782682395,0.0,0.5908659975816888
1.406000000000001,-0.09492079038264681,0.0,0.591514827316865
1.408000000000001,-0.09231185031146988,0.0,0.5921709989210767
1.410000000000001,-0.08962486826693597,0.0,0.5928315154614001
1.412000000000001,-0.08686578632780194,0.0,0.5934935045911433
1.414000000000001,-0.08404049013251232,0.0,0.5941542277059086
1.416000000000001,-0.08115480064790326,0.0,0.5948110878347259
1.418000000000001,-0.078214465695131,0.0,0.595461636325089
1.420000000000001,-0.07522621669984501,0.0,0.5961048590012515
1.422000000000001,-0.0721967122329898,0.0,0.5967389254608384
1.424000000000001,-0.06913199728219396,0.0,0.5973611620713717
1.426000000000001,-0.06603788093128557,0.0,0.5979692877397528
1.428000000000001,-0.06291996698363074,0.0,0.5985613533485561
1.430000000000001,-0.0597836753101265,0.0,0.5991356959952718
1.432000000000001,-0.05663425634123573,0.0,0.5996909040795947
1.434000000000001,-0.05347680052232806,0.0,0.6002257902853194
1.436000000000001,-0.050316244100994445,0.0,0.6007393702630431
1.438000000000001,-0.047157372276342244,0.0,0.6012308453938299
1.440000000000001,-0.04400482048549606,0.0,0.6016995884458163
1.442000000000001,-0.04086307441063525,0.0,0.6021451312592314
1.444000000000001,-0.03773646914515258,0.0,0.602567153836612
1.446000000000001,-0.03462918784815562,0.0,0.6029654743942553
1.448000000000001,-0.03154526013370869,0.0,0.6033400400635502
1.450000000000001,-0.028488560378346794,0.0,0.6036909180284526
1.452000000000001,-0.0254628060825242,0.0,0.6040182869568727
1.454000000000001,-0.022471556385102703,0.0,0.6043224286357439
1.456000000000001,-0.019518210801969582,0.0,0.6046037197570612
1.458000000000001,-0.016606008238328224,0.0,0.6048626238288959
1.460000000000001,-0.013738026307580184,0.0,0.6050996832041441
1.462000000000001,-0.01091718097685214,0.0,0.6053155112325717
1.464000000000001,-0.008146226549241922,0.0,0.605510784550164
1.466000000000001,-0.005427755985108973,0.0,0.6056862355250092
1.468000000000001,-0.0027642015587277247,0.0,0.6058426448817904
1.470000000000001,-0.000157835841972348,0.0,0.6059808345281068
1.472000000000001,0.0023892269968591867,0.0,0.6061016606057221
1.474000000000001,0.004875029593679137,0.0,0.6062060067888546
1.476000000000001,0.007297769505300186,0.0,0.6062947778500056
1.478000000000001,0.009655797060217575,0.0,0.6063688935118111
1.480000000000001,0.011947612962488544,0.0,0.6064292826011006
1.482000000000001,0.014171865668297395,0.0,0.6064768775189292
1.484000000000001,0.01632734855506021,0.0,0.6065126090378372
1.486000000000001,0.01841299690291992,0.0,0.606537401435103
1.488000000000001,0.020427884708256433,0.0,0.606552167968299
1.490000000000001,0.022371221348428713,0.0,0.6065578066970951
1.492000000000001,0.02424234811640205,0.0,0.6065551966529981
1.494000000000001,0.0260407346432283,0.0,0.6065451943565764
1.496000000000001,0.02776236117667777,0.0,0.6065360145339118
1.498000000000001,0.029405908851162676,0.0,0.6065226704479463
1.500000000000001,0.03097055730222649,0.0,0.6065054006782732
1.5020000000000011,0.03245581009341014,0.0,0.6064845722594884
1.5040000000000011,0.032513888922239595,0.0,0.6059919261254547
1.5060000000000011,0.0313712736647562,0.0,0.6051768524861898
1.5080000000000011,0.029202290010704984,0.0,0.6041380780249486
1.5100000000000011,0.026141019670028395,0.0,0.602940021345068
1.5120000000000011,0.022291459025777102,0.0,0.6016234251712966
1.5140000000000011,0.01773557953820798,0.0,0.6002123927748434
1.5160000000000011,0.012539466996753165,0.0,0.5987191555106846
1.5180000000000011,0.006757883155754277,0.0,0.597147387063094
1.5200000000000011,0.00043760249584115507,0.0,0.5954945676280843
1.5220000000000011,-0.0063776411365416286,0.0,0.5937498711107289
1.5240000000000011,-0.013649423297449684,0.0,0.5919046774764882
1.5260000000000011,-0.02134243021774114,0.0,0.5899479010983883
1.5280000000000011,-0.02942345215761487,0.0,0.5878668287257857
1.5300000000000011,-0.037860673088519814,0.0,0.5856477807790288
1.5320000000000011,-0.0466231760341734,0.0,0.5832766425297182
1.5340000000000011,-0.05568060597090499,0.0,0.5807392974267367
1.5360000000000011,-0.06500294856315005,0.0,0.5780219851480314
1.5380000000000011,-0.07456039479565053,0.0,0.5751116003234689
1.5400000000000011,-0.08432327006143785,0.0,0.5719959433122891
1.5420000000000011,-0.09426201256958743,0.0,0.5686639313569831
1.5440000000000011,-0.10434719120259915,0.0,0.5651057766589271
1.5460000000000012,-0.11454955910241549,0.0,0.5613131377654353
1.5480000000000012,-0.12484015089967515,0.0,0.5572792536094361
1.5500000000000012,-0.13518792317705886,0.0,0.5529973464616513
1.5520000000000012,-0.14556442456730653,0.0,0.5484648979656075
1.5540000000000012,-0.15594177104136725,0.0,0.5436809009477643
1.5560000000000012,-0.16629268383131132,0.0,0.5386459509541786
1.5580000000000012,-0.17659049452642034,0.0,0.533362283410397
1.5600000000000012,-0.18680961202268018,0.0,0.5278340269594552
1.5620000000000012,-0.19692550373130405,0.0,0.522067023698874
1.5640000000000012,-0.20691471577716944,0.0,0.5160687328193142
1.5660000000000012,-0.21675493437949575,0.0,0.5098481723508418
1.5680000000000012,-0.22634590812529887,0.0,0.5033888965769846
1.5700000000000012,-0.2357456004005969,0.0,0.49675135166871404
1.5720000000000012,-0.24493585184921057,0.0,0.48994460890642255
1.5740000000000012,-0.25390119089308727,0.0,0.48298056513468923
1.5760000000000012,-0.26262751320670585,0.0,0.4758726923381008
1.5780000000000012,-0.27110215567972296,0.0,0.4686357702851917
1.5800000000000012,-0.27931394831555534,0.0,0.4612856534681592
1.5820000000000012,-0.2872532045609032,0.0,0.45383905700192384
1.5840000000000012,-0.2949115532645855,0.0,0.44631336136400807
1.5860000000000012,-0.30228222436717506,0.0,0.4387265256113255
1.5880000000000012,-0.3093601794266898,0.0,0.4310968990957665
1.5900000000000012,-0.31614199797966774,0.0,0.4234429967637252
1.5920000000000012,-0.32262264244134614,0.0,0.415783347115149
1.5940000000000012,-0.3288017644367897,0.0,0.40813708144604977
1.5960000000000012,-0.33468029288309314,0.0,0.4005229271820821
1.5980000000000012,-0.3402604122214088,0.0,0.39295914180900376
1.6000000000000012,-0.3455454946718554,0.0,0.38546343380498904
1.6020000000000012,-0.3505400141832914,0.0,0.3780528850654704
1.6040000000000012,-0.35524945208237857,0.0,0.3707438797448478
1.6060000000000012,-0.3596801985185181,0.0,0.36355204129520313
1.6080000000000012,-0.3638394518348984,0.0,0.35649217835568703
1.6100000000000012,-0.3677351172935546,0.0,0.3495782396668345
1.6120000000000012,-0.37137570629214417,0.0,0.3428232779307351
1.6140000000000012,-0.37476457022759646,0.0,0.3362409160389145
1.6160000000000012,-0.3779113168636015,0.0,0.3298436882284538
1.6180000000000012,-0.3808259049395425,0.0,0.3236430257220667
1.6200000000000012,-0.38351854708094074,0.0,0.3176492691334686
1.6220000000000012,-0.38599961795669957,0.0,0.3118716843684993
1.6240000000000012,-0.38827805961993567,0.0,0.3063190264260401
1.6260000000000012,-0.39036448510455496,0.0,0.3009987885172053
1.6280000000000012,-0.3922694248440288,0.0,0.29591739386682153
1.6300000000000012,-0.3940032537875103,0.0,0.2910802336448708
1.6320000000000012,-0.39557612676603693,0.0,0.2864917067305206
1.6340000000000012,-0.3969979215536926,0.0,0.2821552609078359
1.6360000000000012,-0.3982781892818268,0.0,0.27807343514416516
1.6380000000000012,-0.39942611195117195,0.0,0.2742479026265627
1.6400000000000012,-0.4004504668120128,0.0,0.2706795142473501
1.6420000000000012,-0.4013595973773388,0.0,0.26736834224542205
1.6440000000000012,-0.4021613908138918,0.0,0.2643137237284932
1.6460000000000012,-0.4028632614296602,0.0,0.2615143038240916
1.6480000000000012,-0.40347213994843684,0.0,0.25896807823341494
1.6500000000000012,-0.4039944682352865,0.0,0.2566724349913384
1.6520000000000012,-0.40443619911277295,0.0,0.25462419526683966
1.6540000000000012,-0.4048028008874546,0.0,0.25281965306978227
1.6560000000000012,-0.4050992661899593,0.0,0.2512546137613438
1.6580000000000013,-0.4053301247200643,0.0,0.24992443129548836
1.6600000000000013,-0.4054994594806577,0.0,0.2488240441469885
1.6620000000000013,-0.40561092608110605,0.0,0.2479480099069909
1.6640000000000013,-0.4056677746912217,0.0,0.24729053854954164
1.6660000000000013,-0.405672874231452,0.0,0.24684552439153779
1.6680000000000013,-0.40562873839282365,0.0,0.246606576784067
1.6700000000000013,-0.405537553091288,0.0,0.24656704958503334
1.6720000000000013,-0.40540120497509236,0.0,0.24672006947137232
1.6740000000000013,-0.4052213106203766,0.0,0.2470585631542493
1.6760000000000013,-0.40499924606903004,0.0,0.24757528356261851
1.6780000000000013,-0.4047361763836541,0.0,0.24826283505975055
1.6800000000000013,-0.4044330849169542,0.0,0.249113697754137
1.6820000000000013,-0.40409080201674974,0.0,0.2501202509609871
1.6840000000000013,-0.4037100329127383,0.0,0.2512747958637169
1.6860000000000013,-0.4032913845569137,0.0,0.25256957741684777
1.6880000000000013,-0.4028353912158294,0.0,0.2539968055229497
1.6900000000000013,-0.4023425386394627,0.0,0.2555486755071182
1.6920000000000013,-0.4018132866579808,0.0,0.25721738790327286
1.6940000000000013,-0.40124809008403195,0.0,0.2589951675576782
1.6960000000000013,-0.40064741782398594,0.0,0.26087428204676827
1.6980000000000013,-0.4000117701266457,0.0,0.2628470593988558
1.7000000000000013,-0.39934169392210955,0.0,0.264905905102806
1.7020000000000013,-0.39863779622649,0.0,0.2670433183814095
1.7040000000000013,-0.3979007556099204,0.0,0.2692519077030706
1.7060000000000013,-0.39713133174554793,0.0,0.2715244055025986
1.7080000000000013,-0.39633037307589886,0.0,0.27385368208036864
1.7100000000000013,-0.3954988226499944,0.0,0.27623275864882785
1.7120000000000013,-0.39463772219983606,0.0,0.27865481949625653
1.7140000000000013,-0.3937482145382979,0.0,0.28111322323970495
1.7160000000000013,-0.392831544372059,0.0,0.2836015131420216
1.7180000000000013,-0.39188905763297,0.0,0.2861134264717333
1.7200000000000013,-0.3909221994392197,0.0,0.28864290288906314
1.7220000000000013,-0.389932510803899,0.0,0.29118409184643707
1.7240000000000013,-0.38892162421313614,0.0,0.2937313589972666
1.7260000000000013,-0.38789125819899817,0.0,0.2962792916124271
1.7280000000000013,-0.38684321103395763,0.0,0.2988227030095387
1.7300000000000013,-0.38577935367404076,0.0,0.30135663600571655
1.7320000000000013,-0.3847016220769902,0.0,0.3038763654097487
1.7340000000000013,-0.38361200902007697,0.0,0.30637739957452115
1.7360000000000013,-0.38251404686078544,0.0,0.30885492462164776
1.7380000000000013,-0.3814095914471816,0.0,0.31130466861731954
1.7400000000000013,-0.38030057084125846,0.0,0.31372266674890403
1.7420000000000013,-0.3791889667368854,0.0,0.3161052465490392
1.7440000000000013,-0.37807679756155516,0.0,0.3184490145516229
1.7460000000000013,-0.3769661030629379,0.0,0.3207508440866211
1.7480000000000013,-0.37585893021956285,0.0,0.3230078639776283
1.7500000000000013,-0.3747573203460446,0.0,0.32521744795355023
1.7520000000000013,-0.37366329728834186,0.0,0.3273772046251732
1.7540000000000013,-0.3725788566245328,0.0,0.32948496791002213
1.7560000000000013,-0.37150595580237467,0.0,0.33153878781583185
1.7580000000000013,-0.3704465051572214,0.0,0.3335369215150645
1.7600000000000013,-0.3694023597633078,0.0,0.33547782466093673
1.7620000000000013,-0.3683753120785152,0.0,0.337360142910004
1.7640000000000013,-0.3673670853479639,0.0,0.33918270362802155
1.7660000000000013,-0.3663957680286647,0.0,0.34094007408266086
1.7680000000000013,-0.3654497033627623,0.0,0.3426313660577324
1.7700000000000014,-0.36452999925054785,0.0,0.3442557877357938
1.7720000000000014,-0.36363773388133536,0.0,0.345812818368318
1.7740000000000014,-0.3627739388798429,0.0,0.3473021731444841
1.7760000000000014,-0.361939586007388,0.0,0.34872377329043697
1.7780000000000014,-0.36113557681888453,0.0,0.35007772055322844
1.7800000000000014,-0.3603627347799393,0.0,0.35136427536299836
1.7820000000000014,-0.3596217994338346,0.0,0.3525838380833582
1.7840000000000014,-0.3589134222787524,0.0,0.3537369328572079
1.7860000000000014,-0.35823816407374975,0.0,0.3548241936364921
1.7880000000000014,-0.35759649333984167,0.0,0.35584635205227566
1.7900000000000014,-0.3569887858618487,0.0,0.35680422683818613
1.7920000000000014,-0.3564153250289395,0.0,0.35769871456751917
1.7940000000000014,-0.3558763028782514,0.0,0.358530781503683
1.7960000000000014,-0.3553718217276808,0.0,0.35930145639644606
1.7980000000000014,-0.35490189630172525,0.0,0.36001182408371324
1.8000000000000014,-0.3544664562688704,0.0,0.36066301978122656
1.8020000000000014,-0.35406534912101445,0.0,0.36125622396140644
1.8040000000000014,-0.3537867707941443,0.0,0.3603337766355542
1.8060000000000014,-0.3536785359381498,0.0,0.3581359977395187
1.8080000000000014,-0.35376445078463337,0.0,0.35485858889221766
1.8100000000000014,-0.3540522936244792,0.0,0.35066054964438853
1.8120000000000014,-0.3545390518695059,0.0,0.3456712469427128
1.8140000000000014,-0.35521437563138536,0.0,0.3399964222878295
1.8160000000000014,-0.35606288930649777,0.0,0.3337231409851093
1.8180000000000014,-0.3570657760480839,0.0,0.3269237888620366
1.8200000000000014,-0.3582018976495964,0.0,0.31965925702749204
1.8220000000000014,-0.3594486137245152,0.0,0.3119814569057348
1.8240000000000014,-0.3607824018276273,0.0,0.30393529424954413
1.8260000000000014,-0.36217416108622197,0.0,0.29556265622484357
1.8280000000000014,-0.36360028842206826,0.0,0.28689982079433907
1.8300000000000014,-0.36503748252943014,0.0,0.27797963624303157
1.8320000000000014,-0.36646301336058695,0.0,0.26883227917209285
1.8340000000000014,-0.3678549469412698,0.0,0.25948584136747604
1.8360000000000014,-0.3691909706592165,0.0,0.24996772476578397
1.8380000000000014,-0.37045145220213577,0.0,0.24030334398818767
1.8400000000000014,-0.37161804885321315,0.0,0.23051704568302117
1.8420000000000014,-0.3726738109362159,0.0,0.22063231512372547
1.8440000000000014,-0.3736032684349443,0.0,0.21067192973393956
1.8460000000000014,-0.3743925022011625,0.0,0.20065806974514117
1.8480000000000014,-0.3750292010073283,0.0,0.19061239387071666
1.8500000000000014,-0.3755027054345309,0.0,0.18055608612022725
1.8520000000000014,-0.37580403929045525,0.0,0.17050987857564076
1.8540000000000014,-0.37592592897276533,0.0,0.16049405401633302
1.8560000000000014,-0.3758628109587506,0.0,0.15052843163218677
1.8580000000000014,-0.3756108274301192,0.0,0.14063233863505387
1.8600000000000014,-0.3751678099416873,0.0,0.13082457030866157
1.8620000000000014,-0.37453325101656787,0.0,0.12112334087514423
1.8640000000000014,-0.3737082635945936,0.0,0.11154622746066284
1.8660000000000014,-0.3726955283666358,0.0,0.10211010937907783
1.8680000000000014,-0.3715023581013419,0.0,0.09282460536564682
1.8700000000000014,-0.37013327689326114,0.0,0.0837050126665454
1.8720000000000014,-0.36859424648095807,0.0,0.07476586443500621
1.8740000000000014,-0.36689256955585664,0.0,0.06602085450022915
1.8760000000000014,-0.36503678366961945,0.0,0.057482769163751474
1.8780000000000014,-0.3630365468632708,0.0,0.0491634274138478
1.8800000000000014,-0.36090251633501824,0.0,0.04107363089841354
1.8820000000000014,-0.35864622162391036,0.0,0.0332231249941084
1.8840000000000015,-0.3562799339116027,0.0,0.025620572448380174
1.8860000000000015,-0.3538165331388782,0.0,0.018273541542626948
1.8880000000000015,-0.35126937471189684,0.0,0.011188511949346808
1.8900000000000015,-0.3491341553450804,0.0,0.005610458032991705
1.8920000000000015,-0.347369601947817,0.0,0.0012766413315170033
1.8940000000000015,-0.3459283651150653,0.0,-0.002030229534328576
1.8960000000000015,-0.34476270029238937,0.0,-0.004490483762036257
1.8980000000000015,-0.3438276553826453,0.0,-0.00625418375559933
1.9000000000000015,-0.343082767017021,0.0,-0.007446657917745597
1.9020000000000015,-0.34249267034687736,0.0,-0.00817270008798393
1.9040000000000015,-0.34202715137455064,0.0,-0.008520028419810893
1.9060000000000015,-0.34166085753362013,0.0,-0.008562090785052046
1.9080000000000015,-0.3413728313676526,0.0,-0.008360360139585049
1.9100000000000015,-0.3411459714556749,0.0,-0.007966228580233353
1.9120000000000015,-0.34096648428612186,0.0,-0.0074225823534955215
1.9140000000000015,-0.34082336406056685,0.0,-0.006765120280878084
1.9160000000000015,-0.3407079199925386,0.0,-0.006023463421098885
1.9180000000000015,-0.34061335954473226,0.0,-0.005222093001081063
1.9200000000000015,-0.3405345942941873,0.0,-0.00438156629828762
1.9220000000000015,-0.3404674512538666,0.0,-0.0035179144343088498
1.9240000000000015,-0.34040889336528724,0.0,-0.0026445175899394158
1.9260000000000015,-0.3403566547325446,0.0,-0.0017721503849623677
1.9280000000000015,-0.3403090698595981,0.0,-0.0009093989582898143
1.9300000000000015,-0.3402649357889349,0.0,-6.301601839661664e-05
1.9320000000000015,-0.3402234018437632,0.0,0.0007617771316062727
1.9340000000000015,-0.3401838822478158,0.0,0.001561033937989953
1.9360000000000015,-0.3401459875052819,0.0,0.0023318647706657147
1.9380000000000015,-0.34010947101812605,0.0,0.003072252326396685
1.9400000000000015,-0.3400741879706234,0.0,0.0037808954538612605
1.9420000000000015,-0.3400400640071475,0.0,0.004457077270948434
1.9440000000000015,-0.34000707166400956,0.0,0.005100554025488424
1.9460000000000015,-0.33997521288999377,0.0,0.005711461650178579
1.9480000000000015,-0.33994450630694045,0.0,0.0062902373929679956
1.9500000000000015,-0.3399149781267542,0.0,0.006837554275481661
1.9520000000000015,-0.33988665586069566,0.0,0.00735426645241688
1.9540000000000015,-0.33985956413693097,0.0,0.007841363821115
1.9560000000000015,-0.33983372208892826,0.0,0.008299934468637887
1.9580000000000015,-0.3398091418957571,0.0,0.008731133748722059
1.9600000000000015,-0.33978582815037983,0.0,0.009136158957385315
1.9620000000000015,-0.33976377780777506,0.0,0.00951622872755134
1.9640000000000015,-0.3397429805246844,0.0,0.00987256639318948
1.9660000000000015,-0.33972341924992333,0.0,0.010206386685057162
1.9680000000000015,-0.33970507096100516,0.0,0.01051888521573302
1.9700000000000015,-0.33968790747136,0.0,0.010811230293428259
1.9720000000000015,-0.33967189625436534,0.0,0.011084556674018115
1.9740000000000015,-0.3396570012471125,0.0,0.011339960920472653
1.9760000000000015,-0.3396431836094358,0.0,0.011578498089854422
1.9780000000000015,-0.33963040242311676,0.0,0.011801179511530396
1.9800000000000015,-0.33961861532306103,0.0,0.012008971457273698
1.9820000000000015,-0.33960777905721007,0.0,0.01220279453547135
1.9840000000000015,-0.33959784997543246,0.0,0.012383523668453883
1.9860000000000015,-0.3395887844500153,0.0,0.012551988534757946
1.9880000000000015,-0.33958053923190046,0.0,0.012708974377467763
1.9900000000000015,-0.3395730717477273,0.0,0.012855223096187307
1.9920000000000015,-0.33956634034319144,0.0,0.012991434554094738
1.9940000000000015,-0.3395603044783732,0.0,0.013118268043289194
1.9960000000000016,-0.3395549248805857,0.0,0.013236343861583455
1.9980000000000016,-0.3395501636600574,0.0,0.01334624496228376
2.0000000000000013,-0.3395459843934188,0.0,0.013448518645572033
2.002000000000001,-0.33954235217957135,0.0,0.013543678266057041
2.004000000000001,-0.3395392336720984,0.0,0.0136322049360533
2.0060000000000007,-0.3395365970919517,0.0,0.01371454920833684
2.0080000000000005,-0.3395344122237374,0.0,0.01379113272562918
2.0100000000000002,-0.3395326503985298,0.0,0.01386234982697171
2.012,-0.3395312844657785,0.0,0.013928569103586391
2.014,-0.3395302887565341,0.0,0.013990134898816953
2.0159999999999996,-0.33952963903991246,0.0,0.01404736874840598
2.0179999999999993,-0.33952931491393623,0.0,0.014100559060166717
2.019999999999999,-0.3395293032468486,0.0,0.014149947752144926
2.021999999999999,-0.3395295963664283,0.0,0.014195743666546634
2.0239999999999987,-0.3395301904263972,0.0,0.014238132902577388
2.0259999999999985,-0.33953108404577115,0.0,0.014277286301308034
2.0279999999999982,-0.3395322771981633,0.0,0.014313364754412639
2.029999999999998,-0.3395337703265315,0.0,0.01434652285521143
2.031999999999998,-0.33953556365841997,0.0,0.014376911294305489
2.0339999999999976,-0.33953765669703534,0.0,0.01440467831327516
2.0359999999999974,-0.3395400478642628,0.0,0.01442997046140071
2.037999999999997,-0.3395427342728744,0.0,0.014452932847060618
2.039999999999997,-0.33954571160657426,0.0,0.014473709033684556
2.0419999999999967,-0.33954897408812196,0.0,0.014492440697157438
2.0439999999999965,-0.33955251451750573,0.0,0.014509267135375398
2.0459999999999963,-0.33955632416882603,0.0,0.014524325552081163
2.047999999999996,-0.3395603921823916,0.0,0.01453775359219353
2.049999999999996,-0.33956470603487465,0.0,0.014549686967993664
2.0519999999999956,-0.3395692520615281,0.0,0.014560257204465549
2.0539999999999954,-0.3395740158934951,0.0,0.014569590050690612
2.055999999999995,-0.33957898281829335,0.0,0.014577804419392049
2.057999999999995,-0.33958413807207,0.0,0.014585011740175402
2.0599999999999947,-0.3395894670722146,0.0,0.014591315632403512
2.0619999999999945,-0.33959495559853875,0.0,0.014596811821106476
2.0639999999999943,-0.33960058993065034,0.0,0.014601588234101098
2.065999999999994,-0.33960635694844854,0.0,0.014605725230861594
2.067999999999994,-0.3396122442019155,0.0,0.014609295923927179
2.0699999999999936,-0.3396182399556406,0.0,0.01461236656206355
2.0719999999999934,-0.3396243332128005,0.0,0.014614996951261339
2.073999999999993,-0.33963051372265085,0.0,0.014617240895219707
2.075999999999993,-0.3396367719749972,0.0,0.01461914664143138
2.0779999999999927,-0.339643099184559,0.0,0.014620757322556438
2.0799999999999925,-0.3396494872676792,0.0,0.014622111385599407
2.0819999999999923,-0.339655928813412,0.0,0.014623243003625941
2.083999999999992,-0.33966241705066413,0.0,0.014624182466495717
2.085999999999992,-0.33966894581275736,0.0,0.01462495654842419
2.0879999999999916,-0.33967550950052156,0.0,0.014625588851217092
2.0899999999999914,-0.33968210304480084,0.0,0.014626100122791114
2.091999999999991,-0.33968872186907284,0.0,0.014626508551176226
2.093999999999991,-0.33969536185272436,0.0,0.01462683003460788
2.0959999999999908,-0.33970201929539484,0.0,0.014627078428618628
2.0979999999999905,-0.33970869088269484,0.0,0.014627265771237075
2.0999999999999903,-0.3397153736535168,0.0,0.014627402487529695
